ID,y
1,83.0454
2,97.56837
3,83.248695
4,77.05163
5,112.419136
8,91.6996
10,100.0127
11,94.02785
12,117.4041
14,96.05364
15,116.38581
16,105.29959
17,100.96265
19,91.20988
20,100.24797
21,103.9558
22,118.657455
23,100.96265
26,95.7074
28,95.86595
29,100.96265
33,100.96265
35,94.232544
41,100.96265
42,94.58498
43,114.00048
45,102.15037
46,100.91864
51,94.23253
53,85.38756
55,109.216736
56,105.273026
57,109.98874
58,98.896355
59,103.87399
63,105.02493
64,94.30565
65,101.1
69,97.18769
71,99.08103
72,104.55843
73,96.705376
76,105.32884
77,96.94557
78,116.49003
82,94.34929
83,101.1
84,100.49327
85,106.673454
87,110.63028
88,100.96265
89,110.12698
91,97.377014
93,102.33012
94,105.36197
95,100.880226
96,111.4316
97,95.22166
98,109.71519
99,99.136665
101,105.84371
103,110.12698
104,93.53451
105,110.43237
110,97.27904
111,102.55148
113,104.78812
114,96.75059
115,111.68275
117,110.12698
120,95.76201
121,113.16617
122,93.96291
123,106.00357
126,108.37772
132,109.24849
135,110.66356
137,102.228264
138,95.192825
140,103.87378
142,108.597046
144,110.86705
148,92.01245
149,113.413864
155,102.88494
156,111.821625
157,95.22166
162,113.647804
163,95.86698
167,94.54818
172,114.00048
179,106.910934
180,94.42164
181,107.8525
182,97.51506
183,110.12698
185,110.12698
187,106.8124
188,92.99051
189,94.30182
191,94.066154
192,103.79357
193,93.21685
194,107.68283
195,94.77579
196,99.28979
198,109.01571
199,111.11754
201,99.902664
204,95.1022
205,105.91352
206,106.7535
210,97.07559
211,105.84371
216,111.91063
219,117.4041
220,92.33264
221,109.28792
226,107.8525
227,92.98603
228,110.323845
230,110.12844
231,95.22166
235,118.657455
236,98.85381
238,111.89227
242,104.44611
243,94.058624
244,79.78361
245,111.09468
247,116.29676
248,94.66271
249,91.19824
250,113.574585
251,98.85381
253,118.657455
254,95.10917
256,95.302475
257,92.08678
258,109.04692
259,98.71977
262,91.88287
266,102.06942
267,113.09897
272,103.848656
273,110.12698
275,93.86788
276,109.21148
279,93.204094
280,101.1
283,92.85344
285,110.06443
288,110.12698
289,108.77269
290,100.54889
291,95.317474
292,105.695496
293,105.46083
296,94.06063
297,105.91058
298,116.49003
299,93.91335
304,91.55849
305,86.614395
306,95.30433
307,109.21495
311,104.1767
313,109.16209
314,92.47522
316,108.942795
324,111.87204
327,98.55323
329,92.48013
330,110.03832
337,97.74128
338,94.874466
339,100.43045
340,93.821815
343,93.64386
345,116.250534
346,96.384476
347,112.48356
349,110.23131
350,94.55316
352,103.13307
353,92.79394
354,91.15389
357,95.62514
358,107.50425
362,107.99495
364,104.28012
365,101.78784
366,102.10727
367,106.6806
368,93.961296
370,80.41135
373,98.862625
377,93.90438
378,107.33468
382,105.32884
384,110.51966
390,98.0085
392,111.8412
393,112.46256
395,94.24563
396,96.65456
399,80.378365
406,109.16209
408,109.16209
409,94.8333
410,80.60268
412,112.91354
413,89.855385
419,100.250694
420,105.52329
421,90.00314
430,106.127785
434,93.38679
436,95.136856
437,102.48557
438,90.99826
439,111.09252
440,102.123825
443,101.66941
446,95.137634
448,93.13691
452,94.62077
453,108.712456
457,99.159325
458,94.58803
459,113.82257
460,103.90187
462,103.964806
464,101.32146
465,117.4041
467,112.70212
471,106.93161
472,77.21966
473,105.54188
475,95.85085
480,102.493645
488,105.52237
490,109.21495
491,105.100204
492,83.41999
493,97.60757
497,93.22415
498,107.67929
499,94.46856
500,100.93374
501,94.69087
502,111.15533
506,88.41597
510,107.41609
511,90.60477
512,93.90391
516,93.86939
518,96.99332
519,112.448875
521,91.3588
522,111.35552
526,114.36731
529,107.826805
532,111.97137
533,95.07363
536,111.31949
537,94.9366
539,94.68984
540,105.56059
541,96.80507
543,93.539955
546,109.91208
547,98.68914
548,91.2711
551,94.95992
552,107.48315
556,100.87606
557,101.43417
558,106.6806
559,94.4595
560,105.47311
562,104.838455
566,98.206
570,107.67929
571,102.48557
572,101.1
573,93.71129
575,117.4041
576,109.28632
577,95.61128
579,90.76733
580,112.568245
581,108.743904
589,109.21495
591,101.767494
593,94.8979
594,106.199905
595,94.948074
598,94.9277
602,106.640045
604,112.00781
606,107.90737
608,102.109634
609,105.84371
610,96.39333
616,108.58704
617,94.45226
618,107.20826
620,107.09396
622,102.15983
623,89.30805
624,109.25106
626,112.37427
628,111.91226
629,97.21635
630,110.12844
637,91.843994
638,101.631096
643,105.520676
645,102.493645
646,112.197044
648,94.83516
652,99.78162
653,101.40238
654,107.67929
656,110.800896
657,104.67669
659,100.24942
660,109.645996
663,93.02387
664,110.27289
666,107.41488
668,104.93942
669,94.13016
671,95.21045
675,90.73656
677,96.96691
678,107.96866
679,103.829765
682,105.77464
685,107.63844
687,96.710106
688,94.60429
693,112.04035
696,98.68143
698,93.748245
701,99.70845
704,98.02139
705,117.15431
709,103.88229
710,98.71019
711,108.190155
712,99.15406
714,110.90619
715,90.57859
716,109.21495
717,94.73632
720,116.38581
721,94.066154
724,106.21418
725,95.302185
726,100.400215
728,110.71264
731,97.36981
734,111.464294
738,93.08584
745,105.51252
746,92.198616
751,78.53074
754,95.51656
756,98.87048
758,98.36035
759,109.37495
761,117.983055
766,99.81645
767,107.14746
768,89.38121
769,112.52286
770,97.923134
771,83.41999
772,107.15803
773,96.284164
774,103.20142
776,110.51966
777,104.39851
780,114.00048
782,105.46491
787,102.94683
788,94.68984
792,91.10367
793,114.317314
798,108.4505
800,91.032646
806,109.21495
809,111.12302
811,107.20692
812,96.016335
814,117.4041
816,107.6689
817,94.1521
818,107.8704
820,99.80501
823,94.86284
829,94.13364
830,112.467316
831,92.762634
834,110.1117
839,103.77209
841,83.73937
844,104.83134
845,94.556854
848,91.51477
850,116.99088
851,106.672905
852,98.006714
854,93.341835
855,105.07005
856,109.97094
859,102.53222
861,103.20142
864,93.044685
865,104.03385
866,91.99208
867,98.07458
869,96.59043
871,92.608734
872,109.21495
882,102.80045
883,93.38679
885,94.82331
888,98.55323
893,107.45254
901,108.22902
903,105.004524
904,93.431526
905,107.94417
910,99.90431
911,113.044044
914,111.11294
918,107.63786
921,92.179596
928,97.11274
929,108.72504
932,102.85472
933,95.67733
934,99.90431
935,109.22272
937,79.93502
939,94.36715
940,106.87274
941,99.4789
942,105.770966
943,92.78677
944,105.06098
947,109.21495
949,109.79875
951,101.44553
952,94.59138
953,105.004524
954,77.3921
957,110.52999
959,90.23211
960,110.69311
963,117.4041
965,109.21495
967,108.8263
971,94.92226
972,77.6965
973,92.095535
974,111.00434
975,99.586
978,108.15096
980,96.800934
981,94.10646
984,110.27058
986,99.90431
988,89.38121
989,107.285385
990,106.853714
992,108.22902
996,103.47749
999,109.436745
1000,102.23776
1001,104.03385
1002,90.57255
1003,110.51966
1004,90.63868
1008,110.42011
1009,103.41462
1010,107.04932
1012,110.40244
1013,96.10125
1014,107.86998
1015,94.64063
1016,117.16252
1019,94.17012
1020,107.327934
1021,99.90431
1022,98.30178
1024,99.90431
1025,92.736694
1027,96.28317
1028,109.9065
1029,98.92651
1030,99.93572
1033,110.56153
1036,101.96335
1037,108.28779
1038,91.466606
1042,94.36715
1043,106.3027
1044,95.95896
1045,110.75032
1047,114.57214
1050,94.42657
1051,108.55771
1054,94.58803
1056,94.10646
1057,95.14043
1059,93.81471
1062,105.86815
1063,100.5508
1064,94.10646
1066,94.59768
1070,112.74518
1076,110.43634
1077,99.21015
1078,111.36868
1080,108.23366
1082,101.02544
1083,99.10111
1089,105.89885
1091,98.55323
1093,96.707924
1097,94.75549
1099,96.982605
1101,99.90431
1103,100.22095
1104,111.764145
1106,105.83011
1109,93.58415
1110,110.304085
1111,106.88969
1112,110.67416
1114,94.23253
1116,95.91411
1117,108.457436
1120,100.99194
1124,111.17514
1125,94.46071
1126,113.38891
1134,107.396805
1137,91.1072
1138,111.630165
1144,111.031265
1145,94.900894
1146,92.47522
1148,100.463974
1150,98.741394
1152,104.83134
1153,102.01844
1154,106.68785
1155,95.46607
1157,98.404816
1162,96.402824
1165,110.86699
1166,97.305695
1167,101.37105
1168,103.43137
1169,102.88298
1171,118.657455
1172,103.41876
1173,102.88298
1174,97.77329
1176,106.832886
1177,107.99602
1178,95.74052
1182,111.82944
1186,101.9123
1187,104.758415
1188,92.11371
1189,113.922195
1191,106.83911
1192,95.86467
1197,112.19957
1198,94.89557
1200,79.19361
1201,93.8797
1203,98.11239
1209,117.4041
1214,107.28424
1218,111.702126
1222,99.951004
1226,96.91051
1228,97.20338
1230,102.6948
1232,79.44911
1233,108.350464
1236,112.690414
1238,100.88302
1241,111.031265
1244,98.87864
1246,103.37412
1247,100.142746
1250,104.305695
1251,99.828835
1254,105.20856
1255,98.55764
1256,110.02427
1257,97.990005
1258,111.08041
1259,111.847244
1260,93.90441
1263,112.42214
1267,79.58129
1268,110.5062
1271,97.759895
1272,107.87377
1274,105.340836
1275,96.402824
1276,108.97894
1277,91.069374
1279,92.47522
1281,98.16265
1282,92.11371
1283,106.278656
1285,105.39337
1286,94.15717
1289,112.90425
1296,97.970795
1299,101.636345
1301,103.47749
1306,89.40418
1307,95.2757
1308,94.73961
1313,108.97894
1314,95.2004
1315,110.304085
1316,93.17963
1317,108.326485
1319,92.46822
1323,106.64441
1324,108.86624
1325,96.39163
1328,102.98922
1329,92.26218
1330,103.20142
1331,100.56635
1332,105.186966
1337,101.09937
1338,99.37552
1339,91.837105
1340,101.52649
1343,106.17684
1347,110.708115
1348,97.50064
1349,107.973885
1352,94.49017
1354,103.62552
1359,111.92031
1360,101.30078
1363,107.86617
1364,99.98858
1365,103.46369
1366,100.95938
1372,98.47152
1375,97.53945
1376,97.79799
1378,96.43119
1379,108.70775
1380,101.36835
1381,101.7276
1384,109.37669
1387,100.69303
1388,106.834145
1392,75.479355
1394,102.227936
1395,94.55936
1396,109.186935
1398,96.76141
1399,109.186935
1400,92.11014
1401,92.765495
1403,101.47617
1404,98.23253
1406,109.186935
1407,94.2477
1408,111.59872
1410,80.50973
1412,109.094246
1413,93.784225
1415,97.182526
1420,111.59872
1422,110.53508
1423,100.51675
1424,111.59872
1425,98.11136
1426,80.50973
1427,102.35699
1429,95.13559
1430,108.25436
1431,103.02962
1432,100.872765
1434,109.32577
1437,94.60651
1438,105.144806
1440,109.656715
1441,106.338104
1442,95.63136
1444,106.832985
1445,96.89495
1446,105.02404
1448,93.38712
1453,93.45885
1454,109.094246
1455,93.186165
1456,106.89506
1458,109.094246
1459,94.68534
1461,97.62357
1465,100.69303
1466,110.53367
1469,106.86987
1472,93.45885
1474,96.410545
1477,108.12994
1479,107.71875
1482,108.8413
1483,78.02548
1487,95.12777
1488,105.54887
1490,115.27049
1492,105.47394
1494,116.981384
1496,98.86356
1497,98.49137
1499,104.009384
1502,94.29292
1507,103.069916
1508,94.49017
1509,103.12429
1511,93.08287
1512,107.5615
1513,116.19948
1514,99.56456
1518,112.51843
1519,91.97338
1522,111.81431
1524,78.40066
1527,95.63136
1529,95.11635
1532,106.17401
1536,113.187004
1537,117.03981
1539,101.86016
1542,111.462
1543,97.79799
1544,104.95415
1545,80.24942
1550,94.74461
1551,103.70819
1554,113.9042
1556,108.98442
1559,94.52467
1560,78.04033
1562,99.593254
1566,92.01061
1567,111.572365
1569,104.845
1570,109.80145
1571,108.90972
1574,94.49017
1578,106.71127
1580,93.53993
1583,105.004486
1584,94.49017
1585,106.632355
1586,103.87958
1587,112.62134
1588,95.549095
1590,115.61891
1592,104.438736
1596,96.59001
1598,106.610176
1599,95.86119
1604,108.91461
1606,102.27095
1607,93.784225
1608,98.943695
1609,116.83383
1611,96.56645
1613,96.22094
1616,98.418304
1619,108.356094
1620,93.983894
1621,112.14788
1622,99.04835
1625,109.02057
1627,116.83383
1629,102.57074
1634,97.97194
1636,95.60785
1638,107.52213
1639,97.734764
1641,101.470955
1643,94.976654
1644,101.85293
1645,117.46343
1646,104.539696
1647,112.46315
1648,96.012566
1652,93.53993
1653,113.35188
1656,95.70474
1658,95.86119
1659,108.72058
1661,102.389145
1663,93.784225
1664,105.01294
1665,95.66351
1666,108.98442
1667,100.64067
1668,79.26096
1669,101.98966
1670,95.19174
1672,112.83922
1674,104.429115
1677,105.54887
1678,92.80981
1679,111.06999
1680,101.66535
1683,110.16299
1686,104.2615
1687,110.28664
1689,106.4885
1690,94.5234
1691,116.097786
1692,113.452515
1693,94.49017
1695,96.41407
1696,93.45885
1697,108.65506
1700,108.98442
1701,97.58408
1702,112.586655
1703,92.59572
1704,105.44696
1706,94.938416
1707,109.16678
1708,97.15904
1710,92.57641
1711,106.048515
1713,101.58579
1717,109.3868
1719,106.71127
1720,96.62383
1722,95.67866
1725,104.597046
1726,96.580986
1727,101.16812
1729,105.55825
1730,91.02054
1731,107.63187
1733,108.98442
1734,94.68882
1735,110.53508
1738,96.22094
1742,102.90448
1745,104.429115
1747,95.790115
1749,100.61976
1751,97.619736
1752,78.17543
1753,103.23192
1754,95.82229
1755,94.545975
1756,102.32259
1758,106.152695
1759,93.186165
1760,106.231445
1761,108.026024
1762,92.30961
1763,105.68905
1764,108.74417
1766,102.13583
1768,93.17872
1769,80.47366
1771,108.08491
1772,98.137436
1773,109.20632
1774,99.271904
1775,108.31835
1777,111.19955
1779,93.186165
1780,105.991806
1787,92.59572
1788,95.14188
1790,95.99324
1796,112.81791
1801,91.37065
1803,94.01051
1807,112.05519
1809,106.42196
1812,97.99114
1813,109.48938
1814,101.92389
1815,110.51774
1816,95.8644
1818,93.61274
1820,92.46655
1821,115.874794
1822,95.28162
1825,97.00684
1826,106.66327
1828,96.22009
1831,103.572205
1836,101.44455
1837,95.67133
1841,96.410545
1844,103.645805
1848,90.06393
1851,101.86016
1852,93.89785
1853,94.184425
1854,98.05348
1856,103.436615
1859,106.42196
1860,98.22012
1861,78.30337
1863,109.81841
1865,97.004364
1866,104.43526
1867,95.63538
1868,92.82324
1872,95.83182
1879,97.69928
1880,107.0346
1882,97.744225
1885,110.16299
1887,104.362305
1888,95.25675
1890,103.52864
1894,97.02052
1895,103.11987
1896,93.2663
1897,108.4572
1900,109.954735
1901,94.52467
1902,107.696205
1905,99.14316
1906,108.40761
1912,106.62608
1915,96.082794
1916,107.15069
1917,93.98096
1918,104.546974
1920,78.7055
1923,100.73413
1924,102.92078
1925,96.587616
1930,116.83383
1932,112.20521
1933,110.99901
1934,110.00541
1935,94.056175
1940,80.50973
1941,97.95563
1942,114.20897
1943,104.94565
1944,92.957664
1945,101.81492
1948,116.999985
1949,92.371025
1952,99.68998
1954,94.49017
1955,116.2128
1958,96.37852
1959,84.17235
1960,105.68905
1963,95.98953
1965,103.12905
1968,103.24669
1969,99.98858
1971,96.08582
1972,111.15453
1973,93.12118
1975,92.03046
1977,101.71309
1978,96.51934
1979,109.27771
1981,92.80758
1982,109.936874
1987,110.679375
1988,92.01061
1993,103.23625
1997,92.551506
1999,95.82397
2001,96.22094
2002,115.598366
2003,101.193
2004,78.17919
2006,111.22188
2007,93.61686
2009,106.339325
2010,93.80204
2013,102.71531
2018,78.50586
2022,98.347435
2024,106.32807
2025,96.96563
2026,104.524765
2030,106.0274
2031,95.56025
2032,106.62608
2033,96.24695
2035,99.07872
2036,112.930756
2037,93.17469
2040,96.046844
2043,107.720566
2044,126.63948
2046,106.661095
2054,109.48924
2055,95.81813
2056,105.991806
2059,95.16601
2060,94.52467
2062,92.7997
2063,108.744934
2066,97.02052
2067,115.497375
2072,100.757034
2073,106.89531
2074,108.48596
2075,100.39674
2076,96.34027
2080,96.30961
2082,94.52467
2085,99.77511
2087,107.3797
2091,107.602844
2092,96.08797
2093,105.991806
2098,101.07703
2101,105.68905
2102,93.47977
2103,80.50973
2105,104.29097
2106,94.029274
2107,101.09503
2110,96.796684
2114,98.434166
2115,112.93554
2117,86.77689
2118,95.850266
2119,106.03707
2120,96.52771
2122,103.944756
2123,113.02166
2126,94.490265
2127,107.58418
2128,96.64253
2129,108.9328
2132,110.4508
2135,105.53029
2138,103.61244
2139,116.83383
2141,110.943115
2142,94.718025
2146,97.63794
2151,110.230484
2157,105.80477
2159,100.69755
2162,92.78886
2164,116.93101
2167,95.11786
2168,110.50834
2171,98.06064
2173,95.41167
2174,104.9099
2175,96.04218
2178,93.99359
2180,96.565895
2185,111.03838
2189,93.79239
2190,112.35602
2192,103.464264
2194,112.539665
2200,104.614784
2201,98.76767
2203,108.21191
2204,97.4371
2205,110.24415
2209,110.00242
2213,103.32126
2214,94.01127
2215,108.53439
2216,98.78142
2218,95.16433
2219,109.95106
2220,101.74636
2222,98.32268
2223,104.73889
2225,109.96112
2226,94.44011
2230,101.226105
2233,111.820435
2234,106.97495
2235,97.4371
2236,77.28538
2237,92.263664
2240,116.30654
2241,95.996
2248,104.131615
2249,97.124374
2250,101.652534
2252,110.48059
2253,99.59865
2254,111.63998
2256,79.442726
2258,94.304
2259,102.03177
2262,97.02052
2265,95.16782
2266,103.7451
2269,99.5741
2271,103.9138
2273,94.93429
2274,108.911736
2275,98.42857
2277,98.674614
2279,97.4371
2280,77.065605
2282,96.565895
2283,102.30076
2288,96.55933
2289,106.47923
2291,95.946915
2292,117.64784
2297,109.35177
2298,106.16078
2299,98.629265
2300,111.52631
2301,92.80361
2304,94.243645
2305,101.517365
2306,97.02052
2308,94.3646
2309,100.78077
2311,104.701805
2312,100.501945
2316,103.33353
2321,104.166824
2322,106.56317
2325,106.04265
2326,93.41225
2329,117.64784
2330,99.24144
2331,101.58194
2332,111.11156
2333,97.02052
2334,104.44425
2335,110.75026
2337,105.6183
2338,105.58686
2340,111.11156
2342,102.75646
2345,92.7626
2349,95.236755
2351,78.313896
2352,95.58838
2354,109.07567
2355,111.88025
2357,109.96112
2358,96.16032
2360,95.45048
2361,109.07567
2364,95.50463
2366,98.884636
2369,98.51427
2370,95.64405
2371,111.6261
2373,102.19642
2374,105.04574
2376,112.58486
2378,106.93379
2382,103.498665
2383,93.582695
2386,107.555016
2387,100.131035
2389,98.494865
2390,104.68228
2392,93.72007
2398,111.11156
2399,94.89305
2400,98.979965
2401,109.88245
2402,96.41488
2404,99.65331
2407,101.08713
2408,100.1308
2409,105.2609
2412,85.72685
2413,101.946945
2415,94.44718
2420,101.86286
2422,99.86624
2423,103.67938
2426,93.931274
2432,98.797905
2434,91.657845
2435,95.75443
2436,109.542854
2438,106.31728
2440,106.214035
2443,101.23873
2444,91.63057
2447,104.131615
2450,94.42589
2454,103.96332
2455,108.4551
2459,97.02052
2460,102.73513
2463,97.53945
2465,96.17119
2468,80.4383
2469,96.97671
2474,94.90808
2478,95.45394
2480,90.51783
2481,116.30654
2489,96.565895
2490,101.35449
2492,94.05111
2496,97.02052
2497,100.09544
2500,95.7512
2505,96.046844
2507,99.46487
2508,110.24415
2509,94.707565
2510,77.47196
2513,91.44586
2515,96.565895
2518,93.582695
2519,104.04576
2520,93.582695
2521,108.03105
2523,100.87861
2525,96.82191
2529,110.24415
2530,97.07533
2533,105.64355
2535,92.468864
2538,99.74793
2544,106.9169
2553,110.590324
2556,94.084
2558,92.76986
2559,111.18145
2560,94.510025
2561,108.71546
2562,97.80743
2563,106.676865
2564,90.61496
2565,112.77036
2567,99.11634
2572,94.266785
2575,97.3854
2576,113.228096
2577,96.59941
2578,97.23511
2579,108.658165
2580,93.990105
2582,103.086174
2583,92.81057
2587,90.858986
2589,109.281075
2590,96.79543
2591,110.24415
2594,97.2844
2597,96.88621
2598,105.13884
2599,95.51028
2600,100.50515
2602,115.98169
2603,94.266785
2604,97.220406
2606,99.977844
2607,78.22556
2608,100.66882
2613,110.24415
2614,102.48667
2615,111.15065
2617,109.2483
2620,101.32625
2623,108.252914
2624,99.090195
2627,110.24415
2629,78.22556
2630,95.000084
2632,102.27419
2636,95.648834
2639,105.53842
2640,108.52826
2642,110.24415
2644,107.05261
2646,99.56947
2647,96.75111
2649,93.71697
2650,102.86266
2652,108.265594
2653,98.11495
2655,101.88785
2657,112.061485
2659,107.32317
2662,93.47529
2663,116.30654
2664,96.261894
2665,102.24079
2670,98.65168
2671,108.682655
2672,91.78462
2675,108.265594
2677,109.873764
2679,99.48462
2683,108.42651
2684,97.31278
2685,105.04507
2688,108.184166
2689,104.00592
2690,103.01544
2693,102.181755
2694,107.878395
2697,103.82396
2699,96.063736
2703,94.82144
2705,107.54014
2709,84.10787
2710,94.87238
2711,108.3604
2712,97.03021
2713,98.837875
2714,108.566315
2715,97.90986
2717,94.01216
2718,110.75121
2720,107.714165
2721,96.56854
2726,102.67441
2728,92.43153
2731,104.00471
2732,109.65434
2734,95.703545
2736,103.567955
2737,96.63538
2738,104.59258
2739,100.54612
2746,95.349174
2749,105.63253
2751,117.6175
2752,102.05486
2753,97.60774
2757,101.66642
2758,95.88651
2759,109.38298
2760,104.57518
2762,110.59077
2764,93.72202
2765,107.969086
2769,106.87806
2771,105.9034
2774,94.35546
2776,93.58508
2777,99.63375
2778,96.597855
2779,105.977036
2782,94.11656
2784,93.98972
2787,95.39538
2789,97.02642
2792,97.23064
2798,95.17524
2799,101.63542
2800,96.36519
2801,77.61856
2802,94.15396
2804,97.36702
2807,103.53653
2808,100.21667
2809,100.69521
2811,116.9566
2812,95.43612
2814,93.809525
2816,99.120674
2817,109.25463
2818,100.344864
2820,101.92641
2821,84.39794
2822,97.528946
2823,110.71859
2824,96.48158
2826,98.50175
2829,97.660515
2834,96.31163
2835,78.6094
2838,95.186676
2839,107.55376
2840,92.26341
2841,105.46116
2842,97.02052
2846,113.15193
2848,100.92013
2849,94.003395
2850,108.566315
2851,93.11546
2853,95.96832
2854,110.24415
2858,100.80318
2861,104.13265
2864,94.056175
2865,116.30654
2866,103.435005
2867,92.29957
2868,113.94887
2870,108.42902
2877,103.11032
2878,110.24415
2880,113.12618
2882,77.987305
2883,97.43936
2884,104.153435
2885,97.92557
2887,96.565895
2888,107.94637
2889,92.016045
2890,105.02404
2891,103.53113
2892,117.11726
2893,93.856316
2898,107.19443
2899,99.24641
2900,109.30925
2901,93.674095
2909,105.4534
2910,111.58204
2911,118.94288
2913,97.325424
2914,104.53354
2918,97.4882
2919,107.81371
2920,92.38901
2921,110.24415
2922,99.34942
2923,101.90164
2925,103.15526
2926,93.990105
2927,110.26289
2929,113.55222
2933,95.45157
2934,106.52786
2936,101.63355
2941,96.94763
2942,96.09383
2943,109.19769
2945,102.63277
2950,95.36578
2951,108.4722
2953,106.80373
2954,100.03781
2955,106.479294
2956,100.58184
2960,105.20802
2962,96.81765
2963,103.993454
2964,106.3738
2966,76.99974
2967,95.61497
2968,97.65016
2969,91.73869
2971,92.383896
2972,108.54783
2974,95.155624
2975,106.710686
2977,116.981384
2980,107.707245
2981,89.94738
2983,100.20091
2984,99.70119
2985,117.64784
2986,96.69646
2987,108.54783
2989,96.40011
2990,107.83515
2991,115.66734
2992,80.40224
2995,103.82396
2996,98.57938
3002,110.74826
3004,108.51182
3005,118.328094
3006,95.89759
3010,98.30597
3011,104.1246
3014,93.990105
3015,95.6709
3016,94.60651
3017,100.87924
3018,94.29504
3021,103.196075
3024,105.13884
3028,97.53731
3030,94.52467
3032,93.78097
3039,94.69159
3040,103.815865
3041,98.30107
3043,108.06722
3044,113.30664
3046,105.289955
3055,96.30188
3056,109.231415
3058,93.42981
3059,106.92678
3061,117.03981
3063,106.10461
3066,95.50711
3067,105.13884
3068,77.511215
3069,96.56854
3072,116.533485
3073,112.80274
3074,95.83696
3077,97.04516
3082,101.35193
3084,103.82396
3085,102.41955
3088,107.05261
3091,96.41493
3092,111.8063
3093,99.71713
3094,104.00471
3096,110.14188
3097,90.94293
3098,78.4748
3102,116.71832
3106,93.44881
3109,95.91324
3111,94.1482
3112,118.328094
3113,96.9159
3115,100.757034
3116,105.93241
3117,98.08637
3121,103.576675
3122,95.48099
3123,95.7512
3124,101.32556
3125,94.60651
3126,100.36886
3127,116.097786
3129,93.00259
3130,113.5469
3132,106.40986
3134,108.0197
3135,105.07415
3137,76.060265
3138,121.465034
3140,106.29817
3144,105.33901
3145,104.8118
3146,111.15065
3147,94.91935
3148,103.731926
3149,105.48274
3150,112.05395
3151,96.52751
3152,96.79063
3155,101.261734
3156,108.566315
3159,92.92622
3161,99.33745
3162,107.59803
3163,95.88735
3165,102.49857
3172,103.75514
3173,98.99542
3176,91.991516
3177,107.333954
3179,106.710686
3183,93.781044
3186,95.03291
3187,98.44529
3189,106.41957
3190,97.34177
3192,116.097786
3193,103.75514
3194,112.91271
3197,96.013664
3198,96.26303
3200,101.39244
3201,118.351494
3202,96.26303
3204,96.046844
3205,93.24634
3206,105.28031
3208,104.71446
3210,103.077614
3211,100.22767
3212,117.03981
3213,98.757065
3214,104.998405
3216,105.02404
3219,93.594246
3220,110.87194
3221,96.9159
3226,107.48219
3227,105.57057
3228,97.79709
3229,98.4128
3232,80.4383
3233,94.60198
3234,96.338875
3236,98.8467
3238,110.67339
3239,109.037254
3240,93.717415
3247,109.014786
3249,104.69964
3252,109.93709
3253,98.41488
3254,105.10344
3255,98.32459
3256,110.08007
3257,95.478455
3262,104.01058
3263,108.265594
3264,100.58184
3266,112.188354
3267,101.164185
3269,98.50186
3272,117.64784
3274,96.013664
3275,105.37665
3277,101.85891
3279,98.99392
3280,107.665184
3283,95.488625
3285,96.565895
3287,103.62235
3288,105.13884
3290,100.48943
3291,92.21781
3298,108.15148
3299,95.860115
3302,106.68806
3303,94.09703
3304,104.051575
3307,95.086876
3309,97.68636
3314,77.14613
3316,110.86594
3317,98.34555
3319,96.06307
3320,108.165115
3321,95.33549
3322,102.99822
3324,93.10477
3326,95.946014
3329,100.56143
3330,90.76114
3331,111.22188
3335,117.11726
3337,96.99768
3338,98.969925
3339,98.10345
3340,111.65987
3341,96.187775
3343,93.934235
3346,92.89696
3348,92.47373
3351,105.06363
3352,117.66634
3355,92.07205
3356,110.765495
3358,104.70154
3359,93.77794
3360,101.81137
3371,96.409256
3372,95.97263
3374,96.88918
3377,107.74585
3378,92.65016
3380,107.01244
3382,101.26239
3386,97.02281
3389,102.09619
3391,106.009766
3393,96.50489
3394,106.98601
3395,93.87352
3397,110.24415
3398,103.06341
3399,82.884766
3400,95.03124
3404,104.92836
3407,111.39025
3409,101.437515
3419,101.71461
3421,98.03494
3425,94.65676
3427,80.99138
3428,117.64784
3429,107.88994
3431,96.72369
3435,93.77492
3436,108.87979
3439,97.079704
3441,101.02016
3442,117.64784
3443,102.30633
3444,105.221054
3445,94.09782
3446,105.22375
3449,94.52467
3453,97.80518
3457,102.31833
3460,103.567955
3461,106.002975
3462,93.45885
3464,106.10461
3465,77.511215
3466,96.67494
3467,104.641754
3468,97.48502
3469,102.654625
3470,95.48261
3472,110.24415
3473,99.65435
3475,94.57504
3476,109.21406
3478,106.61021
3479,94.59767
3483,94.60733
3484,107.49177
3485,101.404015
3487,94.71561
3488,108.409355
3496,111.15591
3497,100.66496
3499,103.02962
3500,77.06009
3501,97.50531
3504,93.42886
3508,101.24583
3511,95.72652
3512,108.88813
3515,92.112976
3517,95.531654
3518,97.04373
3526,108.35048
3528,113.86735
3529,100.009834
3530,117.10185
3531,92.723495
3532,103.68254
3533,96.15196
3534,94.92398
3535,77.44535
3536,99.35687
3537,111.01031
3538,91.975105
3539,101.97772
3540,103.11465
3545,107.500046
3546,92.33674
3550,106.721466
3551,103.94928
3553,96.67227
3554,103.567955
3557,92.263664
3558,109.009315
3559,94.52467
3561,91.86837
3562,110.24415
3563,96.686485
3564,105.06363
3565,94.09782
3567,95.00623
3571,105.06363
3572,97.7661
3574,110.129845
3576,96.08118
3577,106.72492
3578,95.195045
3579,94.56916
3583,95.33283
3585,104.16795
3586,105.825066
3587,112.78143
3593,93.77808
3594,104.10806
3595,94.80974
3599,95.7834
3600,105.85747
3601,110.24415
3602,94.52467
3604,99.185616
3609,118.30591
3610,105.719894
3612,110.28197
3614,98.92134
3615,95.41394
3617,101.07774
3618,111.22188
3619,111.028404
3620,109.19348
3621,96.407616
3625,104.910736
3626,103.10024
3630,102.9636
3631,105.69382
3632,96.342186
3633,93.28837
3634,109.61079
3637,98.515686
3639,94.232864
3640,108.443016
3641,92.832634
3644,111.88563
3645,99.441315
3646,93.485985
3647,92.07249
3648,110.67339
3653,112.80901
3654,100.59059
3655,109.50608
3659,101.9712
3660,97.76856
3662,106.78691
3666,101.30261
3668,99.509735
3671,99.82935
3673,94.315025
3674,104.764824
3675,96.636185
3681,93.87024
3682,113.55416
3686,104.998405
3687,94.4336
3692,79.278755
3695,109.52069
3696,97.69401
3699,108.555824
3705,116.02905
3707,80.50973
3708,95.67697
3709,111.92694
3710,97.744225
3712,96.97913
3715,113.48142
3716,95.58339
3720,103.514084
3722,80.50973
3726,92.00879
3728,98.31812
3729,113.77215
3731,104.20164
3735,110.093834
3736,100.16096
3739,102.67357
3741,111.361885
3743,106.42588
3744,95.99324
3745,114.30392
3746,102.95993
3751,97.43619
3753,95.258026
3760,110.93894
3761,96.590836
3762,107.913155
3763,93.97751
3765,92.985535
3768,109.37108
3769,94.27032
3770,94.422066
3773,111.39377
3774,100.96916
3776,97.188805
3778,95.35376
3779,108.97155
3780,96.05678
3781,101.35306
3782,104.278275
3783,110.62674
3784,102.21203
3786,92.68172
3789,103.50499
3790,98.41125
3793,108.63353
3795,113.24958
3797,95.38978
3798,117.60802
3800,108.63227
3804,100.37929
3810,99.49046
3815,112.89773
3816,100.37929
3818,105.41438
3824,110.24415
3828,102.559074
3830,109.440575
3831,96.36187
3832,78.17543
3834,113.67756
3835,96.27025
3836,108.55136
3838,96.22094
3839,116.999985
3840,111.078125
3845,94.445946
3846,109.38411
3847,96.45649
3849,77.369736
3853,107.11274
3855,105.991806
3856,97.35908
3864,84.12636
3865,98.999435
3866,113.714195
3867,105.611404
3868,108.63227
3869,95.542145
3871,96.42546
3875,110.220215
3876,98.20283
3878,92.41855
3879,111.22503
3881,108.63227
3883,104.75774
3884,95.90702
3886,109.84617
3890,101.752945
3893,108.07248
3897,101.59669
3901,95.94886
3902,105.68905
3913,106.17684
3914,94.126686
3916,93.16373
3917,111.41151
3924,102.21119
3925,94.91259
3928,94.88146
3929,113.92573
3932,94.85211
3933,108.28406
3934,79.17328
3935,93.92458
3936,97.51706
3937,108.28465
3938,89.99886
3939,101.80213
3943,91.3588
3944,110.52101
3945,110.92343
3946,101.37957
3947,108.614944
3948,96.081314
3949,111.00661
3950,95.50296
3951,103.51709
3952,92.81564
3953,100.028046
3961,114.954285
3962,93.01577
3966,97.49414
3967,107.64438
3968,101.699554
3969,111.411156
3970,101.39639
3971,100.24395
3973,98.4931
3974,111.41728
3975,113.874176
3977,94.3933
3979,104.31987
3985,104.89324
3986,108.52883
3988,101.808205
3991,93.97374
3992,105.94695
3993,104.44912
3994,98.15357
3995,114.22742
4005,102.783714
4007,97.05084
4008,109.34141
4009,98.432144
4010,106.860435
4011,78.32603
4012,95.601234
4013,102.09458
4015,102.93066
4016,105.01551
4018,101.57918
4025,95.39258
4026,102.2675
4028,108.40817
4029,97.002716
4031,97.47854
4032,111.35551
4033,98.12337
4034,107.226364
4037,103.375046
4038,104.92494
4039,94.87176
4041,95.173325
4042,103.24357
4043,97.14664
4044,108.28406
4045,92.836365
4046,107.137184
4047,95.62094
4048,101.428055
4049,107.39739
4051,93.11005
4052,113.01487
4058,103.53938
4062,113.33827
4064,105.92768
4067,97.08837
4068,77.6603
4070,101.209206
4072,119.23439
4074,110.9805
4075,96.05836
4076,110.07982
4077,96.00558
4078,104.0603
4080,108.28406
4082,100.70754
4085,92.57256
4086,101.05433
4088,102.2675
4089,98.481995
4092,77.21469
4094,100.67863
4095,110.30719
4096,101.30633
4097,109.69397
4102,103.90492
4105,105.82966
4107,110.80711
4111,101.67539
4112,103.62578
4113,94.1078
4114,105.905876
4115,94.50027
4116,109.65429
4117,96.738396
4118,94.49009
4119,108.38084
4120,95.13618
4122,79.34634
4125,93.117714
4126,111.33565
4129,110.323845
4134,107.380486
4137,93.02309
4141,99.77797
4142,99.50108
4144,98.96152
4145,102.21119
4146,104.689186
4150,98.13612
4151,79.49007
4154,97.08837
4156,92.24254
4157,104.97412
4159,105.01551
4160,94.875114
4161,108.730515
4168,95.555855
4171,107.78766
4172,109.73874
4173,97.58279
4175,92.568504
4176,108.28406
4177,98.96152
4178,101.39175
4179,105.3065
4181,104.79114
4183,97.002716
4184,108.0371
4185,92.07385
4186,111.65707
4188,102.95415
4190,112.496864
4192,92.74865
4193,105.21235
4194,110.54627
4195,105.164345
4196,78.42708
4202,97.90362
4203,99.88007
4208,90.241936
4209,111.58599
4210,100.44047
4211,105.93009
4212,117.38241
4214,105.662186
4215,95.01265
4216,103.33925
4217,92.76936
4219,92.90924
4222,108.28465
4224,77.67164
4231,106.02542
4232,97.002716
4234,102.28033
4236,98.96152
4237,104.53802
4240,96.92132
4242,99.41878
4243,92.69834
4247,92.7632
4248,115.58401
4249,100.31774
4254,105.742065
4263,93.00815
4265,113.84437
4267,108.18803
4268,111.29802
4271,108.6278
4272,99.06677
4273,107.971405
4274,95.57814
4276,92.86976
4278,100.02535
4280,95.87312
4281,111.546715
4283,101.41039
4284,110.44849
4285,109.757
4286,106.41394
4287,98.12741
4288,119.559105
4289,94.36322
4290,87.24917
4293,94.4392
4296,111.34895
4297,94.26417
4299,94.879906
4303,108.30667
4310,101.30102
4312,104.30969
4318,105.40082
4320,104.17731
4322,99.80152
4323,113.32016
4325,106.376564
4326,111.22761
4328,110.35572
4330,108.651535
4332,112.04278
4333,100.750885
4335,98.53989
4336,100.546196
4338,105.12931
4341,95.30276
4342,104.94248
4344,103.75601
4347,95.24617
4348,105.73629
4351,106.84529
4352,96.168785
4353,99.08102
4355,105.49104
4356,92.57256
4359,104.67779
4360,98.67374
4361,96.63378
4364,100.01078
4365,103.86669
4368,99.33002
4372,93.60438
4374,91.815506
4376,94.07203
4377,111.92091
4380,94.04083
4383,104.229774
4384,94.68984
4385,98.995445
4389,95.94042
4391,93.34152
4392,106.08506
4393,90.89074
4395,95.43812
4396,110.449455
4398,111.49727
4399,109.75638
4401,90.819
4406,101.118645
4408,105.95442
4412,105.73629
4415,101.407364
4418,105.82484
4419,91.815506
4420,77.6603
4422,110.05554
4423,91.815506
4425,96.24891
4428,100.13453
4431,108.9922
4434,104.74021
4436,96.65469
4437,111.267006
4439,117.4041
4440,98.522995
4441,109.9126
4444,99.93879
4445,105.862144
4446,93.25734
4447,111.70525
4452,109.90669
4456,106.87487
4457,93.05118
4458,98.65105
4460,92.57256
4461,117.16252
4462,96.53488
4465,103.81531
4466,103.771736
4468,98.15114
4469,108.01553
4472,108.34179
4475,93.98602
4478,96.37004
4479,113.90339
4480,94.23437
4483,79.705086
4484,94.81611
4485,107.90656
4486,101.39639
4488,100.492836
4489,111.61342
4490,95.990395
4491,99.06833
4492,94.1521
4493,105.71493
4494,96.067696
4495,99.93755
4498,77.2469
4499,92.50753
4500,103.66677
4503,106.55953
4505,103.27809
4506,96.65218
4507,93.93763
4508,105.40082
4510,110.13299
4511,91.51831
4513,102.65055
4516,80.99159
4519,93.520706
4521,106.91267
4531,92.30093
4532,77.535706
4533,104.56012
4534,103.9917
4536,105.40082
4537,93.05118
4539,95.43331
4542,104.11305
4545,93.29303
4549,90.839455
4551,98.83219
4554,101.78147
4556,105.37722
4559,111.76132
4561,112.62049
4562,108.454895
4566,111.238815
4569,93.450966
4570,110.449455
4573,93.83514
4574,102.39892
4575,98.14296
4577,92.347725
4578,109.65729
4580,99.471466
4582,99.690285
4583,110.05554
4585,95.15111
4587,105.40082
4595,92.53549
4596,105.882256
4601,100.64972
4602,110.432396
4603,93.40984
4605,101.26645
4606,97.391396
4607,110.897896
4608,94.63174
4610,95.24273
4613,108.78776
4617,96.13544
4618,110.98206
4619,91.854485
4620,95.56853
4622,96.57891
4625,92.57256
4626,105.40082
4627,95.956314
4629,82.67736
4631,90.30055
4633,105.40082
4634,111.47516
4635,94.931175
4639,97.95464
4640,105.8726
4642,105.36961
4644,98.687416
4646,105.40082
4647,99.407745
4648,79.50009
4649,92.83104
4650,110.463875
4655,90.839455
4660,94.404785
4661,112.60176
4662,91.783226
4663,113.434525
4665,97.22717
4666,111.888306
4667,104.99818
4668,93.39055
4670,94.18141
4671,103.401115
4672,100.227684
4673,105.92174
4675,108.571976
4676,95.95812
4677,110.66102
4680,97.28873
4682,96.47601
4683,107.55796
4685,105.73629
4686,93.420586
4688,110.07238
4690,103.12854
4692,109.11648
4693,93.723434
4697,91.05302
4700,106.49351
4702,108.3337
4707,117.46903
4708,92.2822
4710,83.20308
4716,104.052635
4717,96.32228
4718,94.37873
4720,95.828766
4721,79.9161
4723,97.85077
4726,110.88088
4727,91.63761
4729,96.44364
4731,97.848
4732,105.999695
4735,104.92558
4736,106.18651
4737,93.36396
4738,108.3097
4739,112.16703
4744,106.53678
4747,94.722145
4749,108.490906
4750,92.2822
4752,110.56577
4755,101.43188
4756,106.69065
4757,111.77838
4758,94.89372
4759,106.342224
4763,97.18437
4764,106.945
4765,94.87774
4766,93.70029
4767,99.84139
4769,111.29372
4770,96.18026
4771,79.076294
4772,104.73772
4774,110.591034
4776,102.38768
4777,107.67011
4778,102.09844
4780,95.60131
4784,96.04177
4786,103.32405
4787,77.6603
4788,96.10703
4789,110.56577
4791,105.50945
4792,95.11679
4795,109.16732
4796,90.04965
4803,92.72595
4805,92.244736
4807,94.21284
4809,97.610985
4816,92.32518
4817,83.4225
4818,90.406586
4820,94.69859
4821,105.48469
4823,110.318085
4824,97.797226
4825,113.19177
4829,95.08313
4830,97.90362
4831,110.16673
4833,104.13794
4836,92.73526
4837,110.07238
4838,93.635254
4840,96.67938
4841,80.44649
4842,89.99876
4843,108.68956
4844,94.01948
4849,108.19669
4851,98.941216
4852,94.73663
4858,93.476974
4860,97.90362
4863,111.74087
4864,96.84186
4865,110.52189
4867,97.271515
4868,96.82319
4869,109.749
4873,92.72793
4875,102.36299
4876,109.742226
4877,98.07123
4878,110.05307
4880,77.29522
4886,112.80831
4888,107.43183
4889,92.554886
4890,108.32116
4893,96.6709
4895,96.41267
4896,102.54313
4899,94.06259
4901,100.466324
4902,110.6633
4903,96.30178
4904,110.56577
4910,93.11721
4912,92.12875
4915,97.02276
4916,106.95659
4917,100.85425
4920,104.73772
4927,105.62114
4928,95.47528
4931,107.2655
4934,93.22288
4936,95.16109
4939,109.13667
4942,110.64538
4943,97.584854
4944,106.068794
4945,97.417336
4947,108.05773
4948,90.938416
4951,93.76856
4952,110.56577
4953,93.77161
4956,96.30178
4957,116.024635
4958,102.107956
4960,95.58687
4968,94.17067
4969,104.15864
4971,108.1267
4973,111.00701
4975,111.18912
4976,96.15254
4978,94.837875
4979,98.090256
4982,97.15762
4983,101.58186
4984,99.35855
4985,117.46903
4986,103.17461
4987,114.45366
4988,99.59541
4994,97.292015
4995,93.75825
5002,81.20734
5004,94.43803
5005,103.80007
5006,98.479385
5007,107.54875
5009,110.39519
5011,111.00701
5014,105.25641
5015,104.78322
5018,97.792755
5019,112.137314
5020,93.76074
5021,104.08217
5022,93.076126
5023,99.70778
5025,97.46965
5032,103.91158
5034,90.63867
5036,92.91884
5038,94.76984
5039,110.62565
5046,99.132866
5049,112.137314
5051,91.748055
5052,93.457344
5053,110.591034
5054,96.44783
5055,92.7265
5057,93.018295
5059,94.41623
5062,99.80909
5063,112.19957
5065,111.85035
5069,95.24344
5071,98.41302
5074,107.42277
5075,93.22064
5076,93.11465
5077,77.6603
5079,106.51504
5080,96.540085
5081,110.0377
5083,104.22624
5088,108.30271
5089,93.92692
5093,99.99285
5094,104.13975
5095,95.256294
5099,105.90318
5101,111.413994
5103,104.53134
5104,94.66707
5105,104.26955
5107,93.96759
5108,105.081764
5109,95.49711
5111,97.364624
5112,110.53577
5113,98.86801
5114,102.50693
5115,94.87109
5118,93.23988
5122,96.44783
5123,80.87518
5125,93.692665
5127,106.679596
5128,98.44662
5129,115.14447
5132,98.479385
5134,111.28138
5135,95.61304
5137,108.96012
5142,94.70243
5143,102.043686
5144,93.28323
5148,94.50264
5149,92.88941
5150,102.21119
5154,77.6603
5155,96.99586
5159,93.7023
5164,95.16356
5165,117.80619
5166,90.993355
5167,106.03197
5169,108.16127
5171,90.36758
5172,110.38926
5176,96.465324
5184,104.941605
5185,105.69916
5186,103.77496
5188,103.36101
5189,105.07759
5190,97.1084
5191,117.80619
5193,110.323845
5196,93.36881
5199,80.59767
5200,108.20673
5203,97.40555
5204,112.41688
5205,98.330894
5207,97.09412
5208,99.20558
5212,97.832245
5214,96.44031
5218,97.59122
5220,100.30444
5222,93.184044
5224,95.23977
5225,104.75055
5227,110.324066
5229,106.94343
5232,93.705864
5233,119.972755
5234,103.23941
5237,110.314766
5239,110.62543
5240,93.71283
5241,114.55594
5244,93.68539
5248,110.44123
5251,91.42282
5253,92.35134
5255,97.34406
5256,97.02369
5257,92.593124
5259,97.92459
5260,107.442566
5266,93.40739
5268,97.62659
5275,109.992935
5276,103.16254
5277,95.85778
5279,95.47428
5280,107.926025
5281,92.143135
5283,104.56647
5284,79.75362
5285,93.5017
5286,102.84882
5287,98.21122
5289,91.24234
5290,110.323845
5292,109.76395
5293,98.82363
5294,103.85534
5297,93.83075
5299,98.18424
5302,93.42205
5305,79.27198
5306,95.33157
5308,102.27302
5309,95.73155
5310,117.79883
5312,110.055435
5316,107.287575
5317,96.89916
5319,80.64314
5320,97.213104
5323,97.26513
5329,100.012024
5331,109.53699
5334,106.20391
5336,110.808525
5338,104.23403
5341,105.97581
5345,95.19712
5348,97.95869
5349,113.068275
5355,110.69417
5356,97.56747
5360,109.29072
5362,104.82076
5364,105.13884
5366,106.07047
5367,96.72518
5368,92.96638
5370,96.94501
5371,77.6603
5373,106.06268
5375,110.314766
5376,96.88544
5378,105.12049
5379,102.430786
5383,95.7059
5384,100.29442
5389,112.985985
5391,78.57208
5393,111.65387
5395,109.98099
5397,109.18271
5398,96.37219
5399,113.98133
5401,119.06163
5402,97.24488
5403,113.42526
5404,95.89343
5407,78.42708
5408,93.3034
5413,110.90097
5414,99.55758
5417,97.1772
5418,109.76395
5420,108.32738
5421,94.68744
5424,96.037926
5425,112.41688
5426,102.15403
5429,111.84909
5431,95.62602
5437,104.63527
5440,92.57343
5444,108.39557
5446,105.197014
5447,103.0295
5451,96.87857
5452,106.583305
5455,103.23941
5456,96.38479
5458,91.89387
5459,100.351265
5460,94.56821
5462,97.26448
5463,107.01323
5464,91.07654
5465,109.91501
5466,98.61222
5467,104.44734
5468,106.14144
5469,112.21292
5472,94.277145
5474,94.79212
5475,93.33782
5476,96.502396
5479,107.1014
5480,113.01487
5482,107.22269
5485,91.50322
5486,119.06163
5488,79.347725
5495,106.94343
5496,100.80584
5497,111.69114
5499,109.592926
5503,92.3415
5504,94.13277
5507,97.58279
5509,104.85004
5511,94.40507
5512,109.61863
5516,110.75921
5517,94.86683
5518,104.001785
5521,94.461235
5522,106.82875
5527,102.35906
5528,97.1178
5529,105.07759
5532,103.55264
5533,105.75043
5535,104.98091
5536,101.881096
5540,94.13696
5547,93.492065
5548,111.57284
5550,77.39421
5551,95.61861
5554,109.61718
5555,97.063255
5559,109.62499
5560,90.43242
5561,109.4973
5562,97.87576
5563,109.8428
5565,82.78046
5566,100.58585
5567,103.553925
5568,94.8595
5572,97.46582
5574,95.32445
5576,100.08789
5579,111.6988
5580,84.9447
5581,90.977165
5583,95.850266
5584,110.19974
5586,109.60189
5587,94.58902
5589,103.505264
5591,106.513176
5592,96.10777
5593,106.80666
5594,96.518295
5595,85.59647
5596,110.07238
5597,103.83987
5598,116.557045
5599,97.37145
5602,114.44388
5603,96.518295
5605,94.45782
5607,94.13159
5608,95.153656
5609,95.68098
5610,94.50027
5612,95.360275
5613,105.07759
5614,95.55136
5616,94.565865
5621,95.16571
5623,98.25563
5628,113.345085
5629,96.51415
5631,112.56657
5633,100.11326
5638,102.89848
5639,95.04384
5640,100.19311
5645,97.90332
5646,80.00135
5649,95.15361
5653,103.545265
5655,114.745834
5656,94.02401
5658,94.90321
5662,117.313705
5663,91.97412
5667,93.71758
5670,97.37145
5671,102.87422
5672,95.50242
5673,104.60545
5674,92.426346
5675,103.81143
5676,94.05559
5679,113.094315
5683,108.99622
5687,96.23228
5688,77.06969
5690,98.56015
5691,113.63314
5692,97.25351
5693,108.60372
5694,94.354805
5697,108.46117
5698,92.77421
5699,111.46204
5704,96.29625
5707,113.094315
5709,96.65894
5710,92.298805
5714,94.25517
5718,94.080315
5721,95.357635
5723,95.05093
5724,111.66117
5725,92.2822
5726,102.50334
5729,99.49257
5730,104.001785
5731,96.86967
5733,77.496124
5736,93.383354
5741,111.184006
5745,110.774666
5747,94.4569
5748,113.091934
5750,112.52285
5751,107.56877
5752,96.205536
5754,95.33992
5755,94.92483
5757,102.172356
5758,116.28405
5760,108.13475
5762,104.8097
5766,107.99294
5768,97.29117
5769,118.72756
5770,99.53714
5771,110.88491
5772,92.21653
5773,102.27828
5774,95.91422
5776,94.34472
5777,111.46204
5778,93.915375
5780,110.62565
5782,92.42395
5783,77.95894
5784,97.92248
5786,95.910126
5788,93.988365
5789,99.01444
5790,95.02332
5791,106.85232
5793,100.75424
5794,96.85907
5796,117.71061
5797,95.174446
5801,96.656166
5803,96.23228
5804,104.28268
5805,95.33715
5806,77.150215
5808,109.13444
5813,94.58803
5815,96.88374
5816,106.39768
5822,98.35048
5823,111.42736
5825,107.660034
5827,109.83207
5829,103.01815
5830,97.81363
5831,96.488686
5832,97.18353
5833,109.13444
5837,114.28865
5838,92.027756
5839,95.90024
5842,100.19311
5844,108.66642
5845,94.38435
5846,106.812874
5848,77.097916
5850,108.53579
5851,92.84909
5853,97.29117
5854,105.631454
5858,100.19311
5860,112.72903
5864,104.02042
5866,96.58296
5867,113.094315
5868,95.58321
5869,112.34039
5870,93.13844
5871,108.93535
5874,116.10632
5876,110.41135
5877,90.30566
5878,94.88859
5879,112.10443
5880,100.70571
5884,92.458595
5886,110.8452
5890,100.11076
5896,97.08119
5897,104.890305
5898,97.29117
5901,105.56511
5903,110.591034
5906,94.50027
5908,113.05963
5909,92.31316
5910,105.07759
5911,92.42876
5912,105.10596
5914,116.10632
5919,111.00701
5924,96.255356
5926,94.715416
5929,104.254486
5930,100.08518
5932,92.2165
5933,111.065
5934,93.17713
5935,109.90883
5936,93.90478
5937,110.38666
5938,95.711685
5939,105.80796
5942,100.39449
5943,92.64289
5944,100.23932
5946,111.05137
5951,93.81195
5953,103.192894
5954,94.86284
5957,105.77769
5961,100.91175
5962,102.09458
5964,78.996864
5965,98.217186
5968,115.275116
5969,94.89597
5974,94.332
5975,95.76509
5978,80.30148
5981,104.001785
5982,94.6751
5983,100.41454
5989,105.86986
5991,92.7679
5992,99.08405
5995,100.02004
5996,105.66325
5997,110.287735
5998,95.59833
5999,76.184784
6001,110.55963
6002,94.35641
6003,97.90338
6004,94.86284
6006,105.94557
6007,94.2634
6011,100.35562
6012,110.147316
6014,92.42876
6015,105.28751
6016,94.58373
6017,111.38451
6018,97.29117
6024,94.04168
6025,104.20154
6026,112.36148
6028,107.51469
6029,77.16728
6030,99.23995
6036,115.275116
6040,95.33715
6041,110.65162
6042,93.53834
6044,97.17454
6045,106.85232
6047,103.63584
6048,100.53871
6049,95.386475
6051,116.557045
6052,98.436966
6053,90.406586
6054,109.24165
6058,97.806206
6059,98.06969
6062,97.175964
6063,117.76661
6064,107.104195
6065,95.33715
6067,101.44174
6068,110.73282
6070,105.0899
6071,108.97778
6072,110.8452
6080,110.8452
6081,93.56187
6084,103.98682
6087,92.9984
6089,104.14021
6092,110.8452
6094,94.31347
6095,110.07238
6097,111.14022
6100,100.43568
6104,109.95609
6105,96.15106
6106,102.600555
6107,80.87864
6108,95.26386
6109,110.8452
6110,93.87452
6114,110.8452
6116,94.04103
6117,97.41054
6118,93.51866
6123,78.937164
6125,110.591034
6128,102.72639
6130,103.88457
6132,105.59973
6137,79.25113
6139,111.48989
6140,96.302765
6141,110.9256
6142,105.279335
6144,103.18292
6145,94.82095
6146,97.4691
6149,92.27101
6156,93.934586
6159,111.40319
6160,96.302765
6162,104.30953
6164,100.86693
6165,92.50971
6168,78.327995
6169,109.13444
6170,97.65767
6171,105.66764
6172,91.96465
6173,107.42161
6176,99.2757
6177,93.10214
6178,95.464264
6180,95.72773
6181,106.33068
6182,96.30421
6185,93.351135
6186,110.64262
6188,107.12458
6189,96.75806
6192,103.98682
6193,92.87887
6194,106.85232
6195,98.47953
6196,118.67885
6197,93.44529
6201,110.052925
6202,94.690895
6203,94.53121
6204,95.756615
6207,116.94738
6209,96.632614
6210,97.24071
6211,111.7671
6213,112.01447
6216,92.869125
6217,92.35817
6219,95.360275
6222,77.150215
6223,110.67249
6235,97.58608
6240,98.424774
6242,93.69893
6247,92.426346
6251,111.28985
6254,115.45568
6255,92.873924
6260,104.53396
6261,93.42704
6262,100.235054
6264,114.57059
6269,109.53667
6271,101.41423
6275,110.79225
6276,93.19933
6278,105.490555
6279,111.34385
6281,114.04172
6284,91.86993
6286,96.90448
6287,77.73574
6288,94.29334
6292,97.8042
6293,95.21361
6295,97.11524
6298,105.13249
6300,108.13454
6304,106.3216
6308,105.02349
6310,94.471016
6312,110.8452
6320,96.86967
6324,92.92936
6325,108.750656
6330,102.57903
6336,108.43368
6340,103.422844
6341,97.58608
6342,104.94183
6344,97.9843
6345,106.511894
6347,111.57284
6348,96.32764
6349,105.13249
6351,77.5153
6353,108.15211
6354,95.22995
6357,92.66019
6358,99.857635
6360,103.00212
6363,113.345085
6364,91.47243
6368,110.231445
6370,94.86681
6371,95.49707
6377,101.82113
6379,95.37653
6381,93.36761
6382,77.5153
6383,111.31495
6388,110.33016
6390,107.54331
6392,103.01815
6393,99.96137
6395,91.16435
6398,105.63813
6401,77.150215
6402,94.92397
6403,109.2054
6405,96.918526
6406,90.77514
6407,111.564445
6409,105.12375
6411,92.46949
6413,93.93213
6416,97.11956
6417,104.64391
6418,92.95935
6419,118.89835
6420,106.738716
6426,104.360016
6429,97.40518
6430,93.941605
6431,109.2054
6432,96.38953
6434,99.5381
6437,112.50538
6438,93.46947
6439,103.99082
6440,92.92362
6441,94.3641
6442,108.489784
6443,97.266685
6445,94.44299
6448,113.16203
6450,105.21321
6453,97.313354
6455,102.622536
6457,96.19038
6458,99.05545
6461,97.26393
6464,111.31895
6467,96.70834
6469,102.9342
6470,79.87583
6471,98.42664
6473,107.58463
6474,93.18681
6479,95.65732
6481,99.74704
6484,110.08241
6495,90.30472
6496,106.540375
6505,105.43522
6506,91.89296
6508,98.972694
6509,94.274025
6510,107.32943
6512,106.874214
6513,96.22995
6514,107.47079
6515,91.5627
6519,94.30679
6521,98.6513
6523,77.83889
6525,103.34963
6526,97.189316
6528,93.73453
6529,99.36355
6531,109.684715
6533,102.21119
6534,93.30946
6535,111.15377
6536,93.134415
6537,113.18593
6540,92.221085
6541,111.31495
6547,104.72803
6548,101.153534
6551,109.70121
6553,105.31806
6555,103.98682
6556,97.152695
6561,77.76226
6564,94.3292
6565,111.15377
6568,97.674446
6569,108.489784
6573,102.60347
6574,97.24961
6577,112.736786
6579,113.345085
6581,95.31102
6582,109.80393
6585,104.03831
6586,94.08037
6589,107.468025
6590,76.76596
6593,101.540146
6594,110.295044
6595,90.02097
6599,94.49364
6600,94.8656
6601,111.38868
6602,91.47243
6603,113.16203
6604,96.59507
6607,108.206505
6608,111.17846
6609,93.84897
6611,95.24168
6613,108.489784
6614,97.2364
6616,101.01934
6617,108.489784
6618,94.79654
6619,102.89788
6621,103.98682
6627,102.594025
6629,111.885635
6631,77.097916
6634,95.37893
6636,96.06688
6638,97.674446
6639,108.489784
6641,111.52976
6642,99.744835
6651,116.11688
6654,77.881676
6657,95.55309
6663,95.17657
6665,102.40569
6666,95.79667
6668,94.52173
6669,103.98682
6670,98.85055
6671,101.569435
6673,96.8078
6675,95.50086
6676,77.5153
6677,93.59001
6679,95.82714
6680,108.11054
6681,107.32943
6685,106.91069
6688,95.01586
6689,89.49902
6690,96.2188
6692,108.489784
6693,92.85418
6694,95.17981
6698,118.89835
6699,93.568344
6700,107.61075
6701,96.19038
6702,113.81893
6704,89.49902
6707,105.62107
6712,110.464424
6713,91.46983
6715,107.86746
6721,105.5267
6722,95.360275
6723,109.265884
6724,93.42486
6725,118.719185
6731,109.51546
6735,88.81996
6736,104.74857
6737,107.31082
6738,98.430565
6739,100.371254
6741,101.535965
6743,98.34874
6745,94.52173
6747,108.565796
6749,91.85082
6750,108.23648
6751,114.90427
6752,106.26513
6753,108.489784
6755,106.95593
6756,92.978386
6757,103.0336
6759,110.94962
6761,92.58363
6763,98.42664
6764,118.72756
6765,100.340454
6766,112.00416
6768,105.94557
6771,89.49902
6773,93.65816
6774,99.51436
6778,108.82424
6779,96.38556
6781,96.27262
6784,105.97547
6786,100.50029
6787,96.142685
6790,99.07586
6793,103.36572
6795,108.489784
6798,110.908165
6806,95.8985
6807,95.80798
6810,94.1302
6815,101.82135
6816,91.65848
6817,97.434395
6818,92.73255
6819,103.63584
6820,97.333176
6822,94.051636
6823,116.557045
6824,109.01742
6825,94.66623
6828,77.37526
6829,115.26176
6831,102.82495
6832,93.9508
6833,111.98742
6834,96.302765
6836,105.063835
6837,111.00701
6838,94.53746
6840,100.03695
6843,92.3745
6845,92.36267
6846,96.565735
6847,110.52944
6851,102.01007
6852,97.41376
6853,102.277824
6858,105.306984
6861,111.02405
6863,111.1331
6864,78.42708
6865,96.658455
6866,110.35953
6867,102.45011
6868,103.17452
6869,93.69671
6870,109.01742
6874,100.84965
6875,95.45643
6877,105.94557
6878,98.93677
6880,93.8097
6883,104.167046
6884,94.24864
6886,94.837425
6890,99.337395
6893,104.2088
6894,91.00402
6899,105.94557
6900,93.89852
6904,92.91705
6905,108.143196
6906,94.95494
6910,94.741554
6912,102.95805
6913,112.98894
6920,93.87725
6922,96.626976
6923,108.489784
6926,95.42031
6927,102.792404
6928,92.41504
6931,117.2081
6933,91.59801
6936,90.81955
6937,110.0377
6939,94.171555
6941,101.30287
6942,105.40721
6943,91.42244
6944,102.45558
6945,91.58436
6946,104.746925
6947,117.742386
6949,108.95779
6951,106.46452
6953,103.59122
6954,93.46092
6955,105.6007
6963,109.94648
6964,94.30241
6966,100.678734
6968,93.639206
6970,106.33068
6972,108.596245
6976,106.95295
6978,110.35953
6981,96.30228
6985,109.37779
6986,94.17182
6987,109.971245
6989,100.909775
6991,116.557045
6993,111.889
6994,96.37881
6995,107.748085
6996,92.91427
6997,112.28747
6998,80.3044
7001,107.82734
7003,109.89133
7006,90.94402
7008,91.093216
7010,90.936874
7011,97.91265
7012,93.17483
7013,94.009895
7014,108.78945
7017,100.31154
7018,93.59194
7019,91.3492
7023,92.324615
7024,102.38322
7025,93.37407
7026,109.50693
7027,92.028564
7028,113.69321
7030,108.489784
7031,99.439514
7033,105.00526
7036,94.31054
7037,94.81105
7039,93.71683
7044,94.2592
7045,111.00701
7046,105.630066
7049,94.40091
7050,92.22493
7051,106.33068
7054,108.61796
7055,94.08966
7057,91.76185
7060,105.94557
7061,97.29117
7063,93.501495
7064,109.677246
7067,93.8097
7071,100.39926
7074,105.659584
7075,92.87428
7078,111.00701
7079,89.68493
7080,101.918144
7081,97.240715
7082,110.591034
7083,95.94898
7085,91.40269
7092,103.63584
7094,90.58334
7100,92.09864
7101,103.49377
7102,110.35953
7104,110.05817
7105,97.29117
7106,96.97334
7107,100.16428
7108,77.00382
7109,93.56706
7110,110.0377
7112,94.59671
7113,107.27106
7114,104.958855
7116,110.56577
7117,101.4095
7118,98.793396
7120,92.834496
7121,102.96557
7123,103.44032
7124,94.68504
7127,106.65757
7131,104.8453
7132,92.73255
7133,97.18808
7134,109.139046
7135,91.286
7136,110.01851
7137,95.12548
7141,95.49559
7144,106.28291
7147,105.4316
7148,97.430885
7150,96.99585
7151,92.834496
7152,105.11212
7154,94.99489
7156,95.38445
7157,105.864456
7159,117.76661
7161,101.01824
7163,97.08254
7164,100.203514
7167,78.37292
7169,101.989975
7170,94.00282
7173,95.8127
7174,107.78865
7177,109.75451
7178,104.218445
7179,97.05084
7180,80.01296
7181,109.792366
7182,92.27102
7184,96.29625
7185,112.60693
7186,92.49179
7187,116.92683
7188,93.38655
7189,108.21729
7191,103.15917
7193,107.95587
7197,97.98856
7199,95.23329
7200,110.591034
7201,91.286
7204,93.933205
7207,111.33793
7209,111.1331
7210,93.52916
7211,99.17715
7213,96.54379
7214,112.28747
7216,111.70008
7217,93.90589
7220,108.79414
7224,108.489784
7225,93.16435
7226,111.70008
7227,94.835594
7234,112.60693
7236,82.31045
7239,109.79475
7240,91.865524
7242,114.51257
7244,104.62602
7245,90.94621
7247,98.324615
7248,94.34826
7249,117.46903
7250,112.14334
7251,101.810776
7252,109.70779
7253,78.42708
7256,93.06543
7260,96.597824
7261,111.82705
7264,100.85348
7269,110.8659
7270,91.54674
7273,105.13025
7279,93.1779
7281,111.60668
7284,95.88142
7285,112.30248
7286,117.71061
7287,93.159904
7289,96.19527
7292,91.02288
7293,111.73458
7296,98.70587
7297,111.59728
7298,95.32879
7299,112.78878
7301,104.29662
7304,107.08751
7306,108.53235
7308,96.19527
7309,97.2238
7312,91.49173
7313,78.42708
7314,97.372025
7316,93.66553
7319,110.75443
7321,111.80642
7323,98.52053
7324,103.52985
7325,94.72772
7328,95.48198
7330,77.06969
7334,95.16738
7337,112.36211
7338,103.46794
7339,95.06711
7341,92.71515
7342,112.394905
7344,103.68937
7345,102.69121
7347,107.88957
7349,111.60668
7350,95.25201
7353,102.6037
7355,111.17269
7356,94.46829
7357,114.80934
7358,102.85385
7360,95.36302
7363,100.335106
7364,94.560394
7366,104.53634
7368,92.92081
7369,108.28812
7370,96.15727
7373,94.30306
7374,101.22046
7375,97.54145
7377,93.882996
7379,97.99574
7380,119.13481
7382,100.26638
7383,92.31921
7385,107.4997
7386,102.92179
7391,95.5972
7394,94.54996
7396,112.14334
7397,94.120224
7399,98.914154
7400,105.46981
7403,78.5227
7405,110.950035
7408,106.33132
7414,108.66753
7416,97.760315
7417,94.39274
7419,93.82957
7420,104.97005
7421,96.43556
7422,94.89894
7423,96.74453
7425,77.37526
7430,101.63898
7432,95.85011
7433,102.28789
7434,104.878494
7436,109.059494
7437,93.76949
7438,107.869286
7440,101.138954
7441,92.85903
7442,109.69675
7445,94.15813
7446,96.2478
7448,110.206245
7450,97.38967
7451,93.70633
7454,103.53254
7455,102.67494
7457,106.72566
7459,96.1101
7462,94.07126
7464,93.70633
7465,102.674355
7466,95.46603
7467,106.78486
7469,103.284424
7472,96.31251
7473,108.031525
7479,95.16738
7480,107.3117
7484,103.83303
7491,93.092445
7494,99.03714
7495,97.370094
7501,98.39291
7503,92.24752
7504,107.32943
7505,96.59507
7508,111.02556
7509,90.9618
7510,78.42708
7511,111.500015
7515,98.1639
7516,101.78129
7517,95.75973
7518,103.42148
7519,93.444954
7521,96.90122
7522,106.31594
7524,99.32172
7526,105.60137
7527,94.23285
7528,102.92857
7529,92.370094
7534,106.54079
7537,107.17879
7538,97.23311
7540,106.26964
7541,111.022415
7545,114.52779
7551,112.25573
7553,94.79734
7554,101.8608
7555,96.32228
7561,111.560524
7562,94.799576
7564,98.017395
7565,100.801186
7566,93.52681
7567,106.76829
7569,100.98686
7570,95.74457
7571,116.11688
7572,102.706314
7574,100.14961
7578,109.517166
7579,93.74503
7586,93.55636
7587,87.26853
7590,92.34441
7593,108.031525
7594,103.06953
7595,93.52681
7600,96.637825
7601,79.949104
7602,93.9191
7603,111.987816
7604,97.23409
7606,100.09064
7608,112.45503
7613,78.79216
7615,108.99895
7616,109.059494
7617,113.01136
7618,94.23285
7619,107.40375
7622,107.71928
7623,104.29792
7624,97.52094
7625,99.57002
7626,94.12312
7627,103.1436
7628,77.68587
7631,103.943184
7632,106.91069
7633,94.20445
7634,106.6303
7635,93.42296
7636,112.04264
7637,112.04264
7639,92.84746
7640,77.5153
7644,110.591034
7645,94.146576
7648,105.18248
7649,96.72236
7650,109.01742
7652,102.674355
7653,92.33289
7655,95.20995
7659,110.49414
7662,96.47081
7664,101.056854
7666,97.19445
7668,101.850266
7669,106.72824
7670,97.0563
7672,101.88026
7673,108.64779
7678,95.925186
7679,78.41427
7680,102.21119
7683,93.56186
7685,117.71061
7688,93.49096
7690,108.57725
7692,93.29032
7693,91.05135
7695,112.36211
7696,98.248276
7698,96.24215
7699,109.31395
7702,91.69259
7703,111.73821
7704,96.72236
7707,111.500015
7713,78.74703
7715,103.70788
7717,110.104935
7718,100.73952
7719,104.61552
7721,106.38427
7722,102.38381
7725,99.61484
7727,100.76383
7730,79.98574
7733,91.703316
7735,102.63609
7740,111.73821
7741,110.23834
7742,92.21377
7744,98.53575
7747,94.9741
7750,77.215195
7752,107.82866
7754,107.32365
7756,104.99446
7757,97.05436
7758,102.188774
7760,102.21119
7761,93.01655
7763,105.96548
7765,93.25738
7767,112.04264
7768,92.224686
7771,93.15574
7773,98.75716
7774,97.76637
7776,97.947624
7779,91.95069
7783,93.509995
7786,97.68964
7787,101.42101
7789,94.72187
7791,92.73627
7793,102.69881
7794,99.7847
7795,94.00219
7799,78.79216
7800,101.673256
7802,102.78105
7805,99.090355
7807,100.79587
7808,95.07299
7811,109.04471
7817,108.989525
7818,106.91069
7819,92.36246
7822,93.26648
7823,112.04513
7825,110.46577
7828,96.488365
7832,96.91037
7833,80.55723
7834,103.32805
7835,95.95058
7837,97.0034
7840,98.26274
7842,95.97687
7843,115.822624
7844,92.19953
7846,93.01655
7850,97.16281
7853,110.10231
7855,112.82622
7858,95.39918
7863,112.22519
7865,110.37827
7866,100.342415
7868,94.806145
7869,109.87713
7871,78.37292
7872,103.069534
7874,100.83221
7877,109.82878
7878,94.34375
7879,104.751945
7881,96.274506
7883,93.13785
7885,96.99561
7886,94.79734
7889,95.14075
7890,106.714485
7891,95.57325
7893,96.90448
7894,102.76132
7896,109.01742
7898,106.318214
7901,95.25627
7902,107.88957
7904,105.110535
7905,95.98435
7906,103.15689
7909,94.487045
7910,105.638245
7913,97.03231
7918,110.32597
7919,91.1001
7923,93.68851
7925,92.43267
7927,92.30142
7930,97.98421
7932,99.50164
7933,95.37946
7935,94.71964
7939,105.68957
7942,100.6995
7943,103.58488
7945,99.190025
7946,92.92081
7948,100.86599
7949,107.28044
7950,93.38152
7951,112.04264
7955,103.94721
7959,95.36079
7960,111.73821
7961,96.562416
7962,104.14019
7964,98.50499
7965,96.48379
7966,110.591034
7967,104.083595
7968,101.15125
7971,110.2009
7974,91.1001
7976,103.123436
7978,109.452934
7982,111.73821
7983,95.23246
7984,103.72276
7986,93.17245
7989,107.28044
7991,107.88957
7992,106.43033
7993,103.52159
7994,110.35953
7995,96.91037
7997,94.94709
7998,103.72276
7999,108.989525
8002,90.89599
8007,100.82827
8009,101.2229
8011,94.580574
8013,101.56317
8015,105.67473
8017,111.29989
8019,117.39627
8023,95.492584
8024,112.394905
8026,109.391785
8027,94.15026
8029,96.61194
8030,103.36324
8031,94.79159
8033,102.72367
8035,98.81021
8036,113.3359
8039,108.22113
8042,90.14411
8044,92.323204
8046,78.35407
8048,113.1536
8049,95.98435
8050,105.38039
8053,97.13101
8054,99.17117
8059,96.16538
8061,94.38465
8062,109.52298
8064,104.227905
8066,104.76119
8067,96.99864
8068,95.677
8070,98.049034
8071,111.769264
8072,96.9095
8076,95.802025
8080,92.45165
8081,109.88924
8084,103.06941
8087,102.80511
8089,91.99122
8090,118.41322
8091,103.43254
8094,114.47081
8100,92.406555
8101,93.11489
8110,96.103294
8111,107.88957
8112,95.25739
8115,104.600136
8116,100.6267
8118,104.227905
8121,118.584015
8125,111.53529
8127,105.691826
8128,98.11488
8129,108.00639
8131,99.364914
8138,96.783226
8139,104.47228
8140,94.80585
8141,98.75716
8142,115.99642
8143,108.44878
8145,109.391785
8146,91.524155
8148,110.02819
8153,111.10676
8154,91.51858
8155,107.33223
8161,95.91343
8162,108.015724
8163,90.9618
8166,111.04319
8168,111.05369
8170,97.928894
8172,107.95587
8173,91.83283
8176,105.49838
8179,99.531334
8181,93.96435
8182,117.46082
8184,111.66971
8190,102.21119
8191,94.569466
8194,103.03344
8196,109.349495
8198,106.52572
8199,110.75921
8201,110.979614
8202,95.25481
8207,95.26814
8208,109.11601
8211,113.7382
8214,110.65355
8217,97.917694
8218,99.57595
8222,94.94429
8229,107.31347
8231,95.60282
8233,95.49097
8236,93.00327
8238,107.49977
8240,101.52399
8243,98.2464
8246,99.27013
8250,95.23558
8254,105.07415
8256,77.065605
8257,100.01519
8258,98.331345
8260,95.09581
8261,104.5375
8263,113.248314
8264,95.85187
8267,105.3072
8268,93.76519
8271,97.36282
8272,109.11601
8275,95.84216
8276,94.6682
8277,107.92751
8278,116.95523
8279,94.07392
8280,109.19859
8281,99.91546
8282,99.10117
8287,111.74893
8288,92.357544
8289,112.49616
8294,100.77515
8296,99.67058
8299,104.146065
8302,103.13772
8308,110.3606
8314,107.03709
8315,103.19952
8316,106.86815
8317,98.65972
8319,106.68747
8320,94.65281
8321,117.64784
8323,93.57051
8325,96.445656
8326,111.29593
8328,109.87683
8330,103.356514
8331,95.133064
8332,107.970695
8334,93.91392
8338,91.810104
8339,94.5399
8341,99.00519
8345,110.67339
8346,96.56288
8347,107.86492
8349,95.55365
8351,97.889084
8352,108.972496
8353,109.87683
8355,108.41991
8358,110.5018
8359,97.73855
8360,95.42888
8361,106.83758
8363,98.982765
8364,96.05142
8365,97.067535
8366,109.0134
8370,104.48804
8372,97.98116
8376,98.740005
8377,107.156204
8379,108.28185
8380,94.43965
8381,108.705215
8386,91.970184
8388,103.95279
8389,94.413666
8391,106.30202
8394,105.07415
8396,108.01759
8398,100.05981
8400,110.75988
8401,94.87559
8404,99.00519
8407,96.565895
8408,115.94308
8409,109.87683
8410,109.19732
8411,100.44944
8413,98.85602
8414,107.43729
8416,96.89212
